<?xml version="1.0" encoding="utf-8"?>
<merger version="3"><dataSet config="output"><source path="/Users/tom/.android/build-cache/b1af2fbcca027875d1fa0542547af175db191c79/output/assets"/></dataSet><dataSet config="output"><source path="/Users/tom/.android/build-cache/2ecd2b55621f027af4807d925e5209e04251c2af/output/assets"/></dataSet><dataSet config="output"><source path="/Users/tom/.android/build-cache/086e3adfb6ac8d0fb81824a3c1da568d54d04b7c/output/assets"/></dataSet><dataSet config="output"><source path="/Users/tom/.android/build-cache/877160e28112f5c39a3a8b8009332a82532dfeb6/output/assets"/></dataSet><dataSet config="output"><source path="/Users/tom/.android/build-cache/796dc20dc0523df4ffe45c8e8d7e76207395c14e/output/assets"/></dataSet><dataSet config="output"><source path="/Users/tom/.android/build-cache/7847ac3e30206f6acfb5515701379e7451c8eb18/output/assets"/></dataSet><dataSet config="output"><source path="/Users/tom/.android/build-cache/d8ee59fae448230b10062a7b865402412acebbed/output/assets"/></dataSet><dataSet config="output"><source path="/Users/tom/.android/build-cache/67eb99e3fa455f1f88083645843e9642b7c0ed67/output/assets"/></dataSet><dataSet config="output"><source path="/Users/tom/.android/build-cache/6fdd29260a96c1578cf9447b10ac76385cf793f6/output/assets"/></dataSet><dataSet config="output"><source path="/Users/tom/.android/build-cache/22faf60ffe89f83f08549b452250a477839f6d4c/output/assets"/></dataSet><dataSet config="output"><source path="/Users/tom/.android/build-cache/4a327546bc54193661ef12ef1e01f44365ffc7a1/output/assets"/></dataSet><dataSet config="main"><source path="/Users/tom/Downloads/friendlypix-android-master/app/src/main/assets"/><source path="/Users/tom/Downloads/friendlypix-android-master/app/build/generated/assets/shaders/dev2/debug"/></dataSet><dataSet config="dev2"><source path="/Users/tom/Downloads/friendlypix-android-master/app/src/dev2/assets"/></dataSet><dataSet config="debug"><source path="/Users/tom/Downloads/friendlypix-android-master/app/src/debug/assets"/></dataSet><dataSet config="dev2Debug"><source path="/Users/tom/Downloads/friendlypix-android-master/app/src/dev2Debug/assets"/></dataSet></merger>