<?xml version="1.0" encoding="utf-8"?>
<merger version="3"><dataSet config="main$Generated" generated="true"><source path="/Users/tom/Downloads/friendlypix-android-master/app/src/androidTest/res"/><source path="/Users/tom/Downloads/friendlypix-android-master/app/build/generated/res/rs/androidTest/dev2/debug"/><source path="/Users/tom/Downloads/friendlypix-android-master/app/build/generated/res/resValues/androidTest/dev2/debug"/></dataSet><dataSet config="androidTestDev2$Generated" generated="true"><source path="/Users/tom/Downloads/friendlypix-android-master/app/src/androidTestDev2/res"/></dataSet><dataSet config="main" generated-set="main$Generated"><source path="/Users/tom/Downloads/friendlypix-android-master/app/src/androidTest/res"/><source path="/Users/tom/Downloads/friendlypix-android-master/app/build/generated/res/rs/androidTest/dev2/debug"/><source path="/Users/tom/Downloads/friendlypix-android-master/app/build/generated/res/resValues/androidTest/dev2/debug"/></dataSet><dataSet config="androidTestDev2" generated-set="androidTestDev2$Generated"><source path="/Users/tom/Downloads/friendlypix-android-master/app/src/androidTestDev2/res"/></dataSet><mergedItems/></merger>