<?xml version="1.0" encoding="utf-8"?>
<merger version="3"><dataSet config="main"><source path="/Users/tom/Downloads/friendlypix-android-master/app/src/main/jniLibs"/></dataSet><dataSet config="dev2"><source path="/Users/tom/Downloads/friendlypix-android-master/app/src/dev2/jniLibs"/></dataSet><dataSet config="debug"><source path="/Users/tom/Downloads/friendlypix-android-master/app/src/debug/jniLibs"/></dataSet><dataSet config="dev2Debug"><source path="/Users/tom/Downloads/friendlypix-android-master/app/src/dev2Debug/jniLibs"/></dataSet></merger>