<?xml version="1.0" encoding="utf-8"?>
<merger version="3"><dataSet config="main"><source path="/Users/tom/Downloads/friendlypix-android-master/app/src/main/shaders"/></dataSet><dataSet config="dev2"><source path="/Users/tom/Downloads/friendlypix-android-master/app/src/dev2/shaders"/></dataSet><dataSet config="debug"><source path="/Users/tom/Downloads/friendlypix-android-master/app/src/debug/shaders"/></dataSet><dataSet config="dev2Debug"><source path="/Users/tom/Downloads/friendlypix-android-master/app/src/dev2Debug/shaders"/></dataSet></merger>